dataset,condition,stratum,paired_records,both_correct,none_wrong_channel_correct,none_correct_channel_wrong,both_wrong,net_change,net_change_pct_of_stratum,discordant
MedQA,Full Text,all_retained,720,110,86,75,449,11,1.5278,161
MedQA,Full Text,cr_stratum,116,8,85,0,23,85,73.2759,85
MedQA,Full Text,pr_stratum,116,49,0,65,2,-65,-56.0345,65
MedQA,Full Text,sr_stratum,436,1,1,10,424,-9,-2.0642,11
MedQA,Full Text,scr_stratum,52,52,0,0,0,0,0.0,0
MedQA,StateBridge,all_retained,720,147,61,38,474,23,3.1944,99
MedQA,StateBridge,cr_stratum,116,8,59,0,49,59,50.8621,59
MedQA,StateBridge,pr_stratum,116,85,2,29,0,-27,-23.2759,31
MedQA,StateBridge,sr_stratum,436,2,0,9,425,-9,-2.0642,9
MedQA,StateBridge,scr_stratum,52,52,0,0,0,0,0.0,0
MedQA,LatentMAS,all_retained,720,98,80,87,455,-7,-0.9722,167
MedQA,LatentMAS,cr_stratum,116,6,75,2,33,73,62.931,77
MedQA,LatentMAS,pr_stratum,116,38,0,76,2,-76,-65.5172,76
MedQA,LatentMAS,sr_stratum,436,2,5,9,420,-4,-0.9174,14
MedQA,LatentMAS,scr_stratum,52,52,0,0,0,0,0.0,0
MedQA,Full Text,si_difference_vs_none,,,,,,,8.6207,
MedQA,StateBridge,si_difference_vs_none,,,,,,,13.7931,
MedQA,LatentMAS,si_difference_vs_none,,,,,,,-1.2931,
ARC-C,Full Text,all_retained,588,102,76,62,348,14,2.381,138
ARC-C,Full Text,cr_stratum,98,8,71,0,19,71,72.449,71
ARC-C,Full Text,pr_stratum,98,34,0,57,7,-57,-58.1633,57
ARC-C,Full Text,sr_stratum,328,0,1,5,322,-4,-1.2195,6
ARC-C,Full Text,scr_stratum,64,60,4,0,0,4,6.25,4
ARC-C,StateBridge,all_retained,588,112,64,52,360,12,2.0408,116
ARC-C,StateBridge,cr_stratum,98,8,60,0,30,60,61.2245,60
ARC-C,StateBridge,pr_stratum,98,44,0,47,7,-47,-47.9592,47
ARC-C,StateBridge,sr_stratum,328,1,0,4,323,-4,-1.2195,4
ARC-C,StateBridge,scr_stratum,64,59,4,1,0,3,4.6875,5
ARC-C,LatentMAS,all_retained,588,107,59,57,365,2,0.3401,116
ARC-C,LatentMAS,cr_stratum,98,5,52,3,38,49,50.0,55
ARC-C,LatentMAS,pr_stratum,98,43,2,48,5,-46,-46.9388,50
ARC-C,LatentMAS,sr_stratum,328,0,3,5,320,-2,-0.6098,8
ARC-C,LatentMAS,scr_stratum,64,59,2,1,2,1,1.5625,3
ARC-C,Full Text,si_difference_vs_none,,,,,,,7.1429,
ARC-C,StateBridge,si_difference_vs_none,,,,,,,6.6327,
ARC-C,LatentMAS,si_difference_vs_none,,,,,,,1.5306,
GSM8K,Full Text,all_retained,564,103,40,45,376,-5,-0.8865,85
GSM8K,Full Text,cr_stratum,92,12,35,0,45,35,38.0435,35
GSM8K,Full Text,pr_stratum,92,45,3,40,4,-37,-40.2174,43
GSM8K,Full Text,sr_stratum,334,1,1,5,327,-4,-1.1976,6
GSM8K,Full Text,scr_stratum,46,45,1,0,0,1,2.1739,1
GSM8K,StateBridge,all_retained,564,122,30,26,386,4,0.7092,56
GSM8K,StateBridge,cr_stratum,92,12,24,0,56,24,26.087,24
GSM8K,StateBridge,pr_stratum,92,65,3,20,4,-17,-18.4783,23
GSM8K,StateBridge,sr_stratum,334,1,2,5,326,-3,-0.8982,7
GSM8K,StateBridge,scr_stratum,46,44,1,1,0,0,0.0,2
GSM8K,LatentMAS,all_retained,564,94,50,54,366,-4,-0.7092,104
GSM8K,LatentMAS,cr_stratum,92,10,45,2,35,43,46.7391,47
GSM8K,LatentMAS,pr_stratum,92,40,3,45,4,-42,-45.6522,48
GSM8K,LatentMAS,sr_stratum,334,0,2,6,326,-4,-1.1976,8
GSM8K,LatentMAS,scr_stratum,46,44,0,1,1,-1,-2.1739,1
GSM8K,Full Text,si_difference_vs_none,,,,,,,-1.087,
GSM8K,StateBridge,si_difference_vs_none,,,,,,,3.8043,
GSM8K,LatentMAS,si_difference_vs_none,,,,,,,0.5435,
GPQA-D,Full Text,all_retained,708,115,78,65,450,13,1.8362,143
GPQA-D,Full Text,cr_stratum,114,15,70,1,28,69,60.5263,71
GPQA-D,Full Text,pr_stratum,114,54,0,56,4,-56,-49.1228,56
GPQA-D,Full Text,sr_stratum,432,2,4,8,418,-4,-0.9259,12
GPQA-D,Full Text,scr_stratum,48,44,4,0,0,4,8.3333,4
GPQA-D,StateBridge,all_retained,708,121,69,59,459,10,1.4124,128
GPQA-D,StateBridge,cr_stratum,114,15,58,1,40,57,50.0,59
GPQA-D,StateBridge,pr_stratum,114,59,0,51,4,-51,-44.7368,51
GPQA-D,StateBridge,sr_stratum,432,4,7,6,415,1,0.2315,13
GPQA-D,StateBridge,scr_stratum,48,43,4,1,0,3,6.25,5
GPQA-D,LatentMAS,all_retained,708,116,62,64,466,-2,-0.2825,126
GPQA-D,LatentMAS,cr_stratum,114,14,56,2,42,54,47.3684,58
GPQA-D,LatentMAS,pr_stratum,114,57,1,53,3,-52,-45.614,54
GPQA-D,LatentMAS,sr_stratum,432,3,1,7,421,-6,-1.3889,8
GPQA-D,LatentMAS,scr_stratum,48,42,4,2,0,2,4.1667,6
GPQA-D,Full Text,si_difference_vs_none,,,,,,,5.7017,
GPQA-D,StateBridge,si_difference_vs_none,,,,,,,2.6315,
GPQA-D,LatentMAS,si_difference_vs_none,,,,,,,0.8772,
HumanEval+,Full Text,all_retained,168,63,13,8,84,5,2.9762,21
HumanEval+,Full Text,cr_stratum,28,14,7,2,5,5,17.8571,9
HumanEval+,Full Text,pr_stratum,28,24,2,2,0,0,0.0,4
HumanEval+,Full Text,sr_stratum,92,5,4,4,79,0,0.0,8
HumanEval+,Full Text,scr_stratum,20,20,0,0,0,0,0.0,0
HumanEval+,StateBridge,all_retained,168,62,11,9,86,2,1.1905,20
HumanEval+,StateBridge,cr_stratum,28,14,5,2,7,3,10.7143,7
HumanEval+,StateBridge,pr_stratum,28,25,2,1,0,1,3.5714,3
HumanEval+,StateBridge,sr_stratum,92,4,4,5,79,-1,-1.087,9
HumanEval+,StateBridge,scr_stratum,20,19,0,1,0,-1,-5.0,1
HumanEval+,LatentMAS,all_retained,168,54,13,17,84,-4,-2.381,30
HumanEval+,LatentMAS,cr_stratum,28,16,8,0,4,8,28.5714,8
HumanEval+,LatentMAS,pr_stratum,28,16,1,10,1,-9,-32.1429,11
HumanEval+,LatentMAS,sr_stratum,92,2,4,7,79,-3,-3.2609,11
HumanEval+,LatentMAS,scr_stratum,20,20,0,0,0,0,0.0,0
HumanEval+,Full Text,si_difference_vs_none,,,,,,,8.9286,
HumanEval+,StateBridge,si_difference_vs_none,,,,,,,7.1429,
HumanEval+,LatentMAS,si_difference_vs_none,,,,,,,-1.7857,
