ci95_high,ci95_low,comparison,control_condition,delta,metric,modality,true_condition
0.023333333333333428,0.0050000000000000044,true_vs_none,none,0.014166666666666772,accuracy,text,true_text
0.9166666666666666,0.7532391138273491,true_vs_none,none,0.835820895522388,cr,text,true_text
-0.4411764705882354,-0.689655172413793,true_vs_none,none,-0.5671641791044776,pr,text,true_text
0.20999999999999996,0.06139619883040933,true_vs_none,none,0.13432835820895517,si,text,true_text
0.20999999999999996,0.06139619883040933,true_vs_none,none,0.13432835820895528,sra,text,true_text
0.9152542372881356,0.75,true_vs_none,none,0.8333333333333334,fcs,text,true_text
0.6956521739130435,0.4506866197183098,true_vs_none,none,0.5757575757575758,fws,text,true_text
0.4067953546767104,0.11428571428571438,true_vs_none,none,0.25757575757575757,follow_selectivity,text,true_text
0.02416666666666667,0.00666666666666671,true_vs_self,self_text,0.015000000000000013,accuracy,text,true_text
0.9402985074626866,0.7846153846153846,true_vs_self,self_text,0.8656716417910447,cr,text,true_text
-0.46875,-0.7195243902439024,true_vs_self,self_text,-0.5970149253731343,pr,text,true_text
0.21126760563380276,0.0625,true_vs_self,self_text,0.13432835820895517,si,text,true_text
0.21126760563380276,0.0625,true_vs_self,self_text,0.13432835820895528,sra,text,true_text
0.9512195121951219,0.8,true_vs_self,self_text,0.8787878787878788,fcs,text,true_text
0.7272727272727273,0.47944492009132417,true_vs_self,self_text,0.6060606060606061,fws,text,true_text
0.4285714285714286,0.12658227848101272,true_vs_self,self_text,0.2727272727272727,follow_selectivity,text,true_text
0.03416666666666668,0.010000000000000009,true_vs_other,other_text,0.021666666666666723,accuracy,text,true_text
0.9411764705882353,0.7857142857142857,true_vs_other,other_text,0.8656716417910447,cr,text,true_text
-0.4383561643835617,-0.7162212585720048,true_vs_other,other_text,-0.582089552238806,pr,text,true_text
0.22464673913043476,0.0625,true_vs_other,other_text,0.1417910447761193,si,text,true_text
0.2246467391304347,0.0625,true_vs_other,other_text,0.14179104477611948,sra,text,true_text
0.9411764705882353,0.782608695652174,true_vs_other,other_text,0.8636363636363636,fcs,text,true_text
0.7391304347826086,0.49230769230769234,true_vs_other,other_text,0.6212121212121212,fws,text,true_text
0.3968253968253968,0.0961472602739726,true_vs_other,other_text,0.24242424242424243,follow_selectivity,text,true_text
0.007500000000000062,-0.007500000000000062,true_vs_none,none,0.0,accuracy,statebridge,true_statebridge
0.9180327868852458,0.7413793103448276,true_vs_none,none,0.835820895522388,cr,statebridge,true_statebridge
-0.71875,-0.9104477611940299,true_vs_none,none,-0.8208955223880596,pr,statebridge,true_statebridge
0.0714285714285714,-0.05738493064312742,true_vs_none,none,0.007462686567164201,si,statebridge,true_statebridge
0.0714285714285714,-0.05738493064312742,true_vs_none,none,0.007462686567164201,sra,statebridge,true_statebridge
0.9166666666666666,0.7391180830039525,true_vs_none,none,0.8333333333333334,fcs,statebridge,true_statebridge
0.9230769230769231,0.7313432835820896,true_vs_none,none,0.8333333333333334,fws,statebridge,true_statebridge
0.12728239845261113,-0.12903225806451624,true_vs_none,none,0.0,follow_selectivity,statebridge,true_statebridge
0.005833333333333246,-0.00666666666666671,true_vs_self,self_statebridge,-0.0008333333333333526,accuracy,statebridge,true_statebridge
0.9310344827586207,0.7608619105939989,true_vs_self,self_statebridge,0.8507462686567164,cr,statebridge,true_statebridge
-0.7721518987341772,-0.9459459459459459,true_vs_self,self_statebridge,-0.8656716417910448,pr,statebridge,true_statebridge
0.04929577464788737,-0.06481481481481483,true_vs_self,self_statebridge,-0.007462686567164201,si,statebridge,true_statebridge
0.04929577464788737,-0.06481481481481483,true_vs_self,self_statebridge,-0.007462686567164201,sra,statebridge,true_statebridge
0.9420359531772575,0.7733333333333333,true_vs_self,self_statebridge,0.8636363636363636,fcs,statebridge,true_statebridge
0.9577464788732394,0.7857142857142857,true_vs_self,self_statebridge,0.8787878787878788,fws,statebridge,true_statebridge
0.09999999999999998,-0.13114754098360656,true_vs_self,self_statebridge,-0.015151515151515152,follow_selectivity,statebridge,true_statebridge
0.013333333333333308,-0.007500000000000062,true_vs_other,other_statebridge,0.0024999999999999467,accuracy,statebridge,true_statebridge
0.9324324324324325,0.7580645161290323,true_vs_other,other_statebridge,0.8507462686567164,cr,statebridge,true_statebridge
-0.7027027027027027,-0.8999999999999999,true_vs_other,other_statebridge,-0.8059701492537314,pr,statebridge,true_statebridge
0.09230769230769231,-0.047169811320754707,true_vs_other,other_statebridge,0.022388059701492546,si,statebridge,true_statebridge
0.09230769230769231,-0.047169811320754707,true_vs_other,other_statebridge,0.022388059701492546,sra,statebridge,true_statebridge
0.9428571428571428,0.7727272727272727,true_vs_other,other_statebridge,0.8636363636363636,fcs,statebridge,true_statebridge
0.9230769230769231,0.7321428571428572,true_vs_other,other_statebridge,0.8333333333333334,fws,statebridge,true_statebridge
0.16981132075471694,-0.10909801136363628,true_vs_other,other_statebridge,0.030303030303030304,follow_selectivity,statebridge,true_statebridge
0.005833333333333246,-0.010833333333333361,true_vs_none,none,-0.0024999999999999467,accuracy,latentmas,true_latentmas
0.36585365853658536,0.1746031746031746,true_vs_none,none,0.26865671641791045,cr,latentmas,true_latentmas
-0.17333333333333334,-0.4,true_vs_none,none,-0.28358208955223874,pr,latentmas,true_latentmas
0.05797522750252778,-0.07575757575757569,true_vs_none,none,-0.007462686567164145,si,latentmas,true_latentmas
0.05797522750252778,-0.07575757575757575,true_vs_none,none,-0.007462686567164201,sra,latentmas,true_latentmas
0.3561643835616438,0.16216216216216217,true_vs_none,none,0.25757575757575757,fcs,latentmas,true_latentmas
0.4032258064516129,0.17645071542130367,true_vs_none,none,0.28787878787878785,fws,latentmas,true_latentmas
0.10000000000000003,-0.16418421590676754,true_vs_none,none,-0.030303030303030276,follow_selectivity,latentmas,true_latentmas
0.008333333333333304,-0.010000000000000009,true_vs_self,self_latentmas,-0.0008333333333333526,accuracy,latentmas,true_latentmas
0.4054054054054054,0.19511403230915425,true_vs_self,self_latentmas,0.2985074626865672,cr,latentmas,true_latentmas
-0.19736842105263153,-0.4307692307692308,true_vs_self,self_latentmas,-0.31343283582089543,pr,latentmas,true_latentmas
0.06779661016949151,-0.08461538461538454,true_vs_self,self_latentmas,-0.007462686567164145,si,latentmas,true_latentmas
0.06779661016949157,-0.08461538461538459,true_vs_self,self_latentmas,-0.007462686567164201,sra,latentmas,true_latentmas
0.39655172413793105,0.18460526315789474,true_vs_self,self_latentmas,0.2878787878787879,fcs,latentmas,true_latentmas
0.4426229508196721,0.22725757575757577,true_vs_self,self_latentmas,0.3333333333333333,fws,latentmas,true_latentmas
0.09724264705882327,-0.18867924528301888,true_vs_self,self_latentmas,-0.04545454545454543,follow_selectivity,latentmas,true_latentmas
0.00666666666666671,-0.010000000000000009,true_vs_other,other_latentmas,-0.0016666666666667052,accuracy,latentmas,true_latentmas
0.39064198369565195,0.1818181818181818,true_vs_other,other_latentmas,0.28358208955223885,cr,latentmas,true_latentmas
-0.2063492063492064,-0.42465753424657526,true_vs_other,other_latentmas,-0.31343283582089543,pr,latentmas,true_latentmas
0.05303030303030298,-0.08333333333333337,true_vs_other,other_latentmas,-0.014925373134328346,si,latentmas,true_latentmas
0.05303030303030298,-0.08333333333333331,true_vs_other,other_latentmas,-0.014925373134328401,sra,latentmas,true_latentmas
0.39655172413793105,0.18460526315789474,true_vs_other,other_latentmas,0.2878787878787879,fcs,latentmas,true_latentmas
0.430379746835443,0.21052631578947367,true_vs_other,other_latentmas,0.3181818181818182,fws,latentmas,true_latentmas
0.1076923076923077,-0.169811320754717,true_vs_other,other_latentmas,-0.030303030303030276,follow_selectivity,latentmas,true_latentmas
